{"cameraMode":{"drawMode":0,"name":"Shaded","section":"Shading Mode"},"sceneLighting":false,"audioPlay":false,"sceneViewState":{"m_AlwaysRefresh":false,"showFog":true,"showSkybox":false,"showFlares":true,"showImageEffects":true,"showParticleSystems":true,"showVisualEffectGraphs":true,"m_FxEnabled":true},"in2DMode":false,"pivot":{"x":-1.69679856300354,"y":1.8776311874389649,"z":0.0006129592657089233},"rotation":{"x":0.6844674944877625,"y":-0.2745181620121002,"z":0.3143257200717926,"w":0.5977841019630432},"size":0.6116160750389099,"orthographic":true}