{"cameraMode":{"drawMode":0,"name":"Shaded","section":"Shading Mode"},"sceneLighting":false,"audioPlay":false,"sceneViewState":{"m_AlwaysRefresh":false,"showFog":true,"showSkybox":false,"showFlares":true,"showImageEffects":true,"showParticleSystems":true,"showVisualEffectGraphs":true,"m_FxEnabled":true},"in2DMode":false,"pivot":{"x":38.68695068359375,"y":3.9912238121032717,"z":29.216468811035158},"rotation":{"x":-0.017552614212036134,"y":-0.7768381237983704,"z":0.021679852157831193,"w":-0.6291049122810364},"size":161.07801818847657,"orthographic":true}