{"cameraMode":{"drawMode":0,"name":"Shaded","section":"Shading Mode"},"sceneLighting":false,"audioPlay":false,"sceneViewState":{"m_AlwaysRefresh":false,"showFog":true,"showSkybox":false,"showFlares":true,"showImageEffects":true,"showParticleSystems":true,"showVisualEffectGraphs":true,"m_FxEnabled":true},"in2DMode":false,"pivot":{"x":10.100000381469727,"y":1.4499999284744263,"z":0.28000134229660036},"rotation":{"x":-0.019003957509994508,"y":0.6940496563911438,"z":-0.018317772075533868,"w":-0.719482958316803},"size":0.6116160750389099,"orthographic":false}