{"cameraMode":{"drawMode":0,"name":"Shaded","section":"Shading Mode"},"sceneLighting":true,"audioPlay":false,"sceneViewState":{"showFog":true,"showMaterialUpdate":false,"showSkybox":true,"showFlares":true,"showImageEffects":true,"showParticleSystems":true},"in2DMode":false,"pivot":{"x":55.353858947753909,"y":-9.36142349243164,"z":25.37073516845703},"rotation":{"x":0.2553112208843231,"y":0.6614146828651428,"z":-0.2571547031402588,"w":0.6566731333732605},"size":20.18619728088379,"orthographic":false}