{"cameraMode":{"drawMode":0,"name":"Shaded","section":"Shading Mode"},"sceneLighting":false,"audioPlay":false,"sceneViewState":{"m_AlwaysRefresh":false,"showFog":true,"showSkybox":false,"showFlares":true,"showImageEffects":true,"showParticleSystems":true,"showVisualEffectGraphs":true,"m_FxEnabled":true},"in2DMode":false,"pivot":{"x":1.9988372325897217,"y":4.507207870483398,"z":0.03747296333312988},"rotation":{"x":-0.022132618352770807,"y":0.9558998942375183,"z":-0.2831721007823944,"w":-0.07471135258674622},"size":4.3281402587890629,"orthographic":true}