{"cameraMode":{"drawMode":0,"name":"Shaded","section":"Shading Mode"},"sceneLighting":false,"audioPlay":false,"sceneViewState":{"m_AlwaysRefresh":false,"showFog":true,"showSkybox":false,"showFlares":true,"showImageEffects":true,"showParticleSystems":true,"showVisualEffectGraphs":true,"m_FxEnabled":true},"in2DMode":false,"pivot":{"x":189.1517333984375,"y":571.132080078125,"z":-1148.9268798828125},"rotation":{"x":0.022277699783444406,"y":0.9602958559989929,"z":-0.08026983588933945,"w":0.26639890670776369},"size":1445.9085693359375,"orthographic":true}