{"cameraMode":{"drawMode":0,"name":"Shaded","section":"Shading Mode"},"sceneLighting":false,"audioPlay":false,"sceneViewState":{"m_AlwaysRefresh":false,"showFog":true,"showSkybox":false,"showFlares":true,"showImageEffects":true,"showParticleSystems":true,"showVisualEffectGraphs":true,"m_FxEnabled":true},"in2DMode":false,"pivot":{"x":45.96480941772461,"y":0.0020090341567993166,"z":17.789567947387697},"rotation":{"x":0.03062555566430092,"y":0.96757572889328,"z":-0.14475060999393464,"w":0.20471468567848206},"size":4.294753074645996,"orthographic":false}