{"cameraMode":{"drawMode":0,"name":"Shaded","section":"Shading Mode"},"sceneLighting":false,"audioPlay":false,"sceneViewState":{"m_AlwaysRefresh":false,"showFog":true,"showSkybox":false,"showFlares":true,"showImageEffects":true,"showParticleSystems":true,"showVisualEffectGraphs":true,"m_FxEnabled":true},"in2DMode":false,"pivot":{"x":-5.960464477539063e-8,"y":0.2941930294036865,"z":0.03426608443260193},"rotation":{"x":-0.019003957509994508,"y":0.6940496563911438,"z":-0.018317772075533868,"w":-0.719482958316803},"size":1.1834444999694825,"orthographic":false}